{
    "name": "root",
    "gauges": {
        "CubeAgentZoneRay.Policy.Entropy.mean": {
            "value": 1.5465441942214966,
            "min": 1.4213439226150513,
            "max": 1.5609855651855469,
            "count": 200
        },
        "CubeAgentZoneRay.Policy.Entropy.sum": {
            "value": 3243.103271484375,
            "min": 2042.7376708984375,
            "max": 4144.9619140625,
            "count": 200
        },
        "CubeAgentZoneRay.Environment.EpisodeLength.mean": {
            "value": 27.38888888888889,
            "min": 21.98936170212766,
            "max": 93.1,
            "count": 200
        },
        "CubeAgentZoneRay.Environment.EpisodeLength.sum": {
            "value": 1972.0,
            "min": 1358.0,
            "max": 2658.0,
            "count": 200
        },
        "CubeAgentZoneRay.Step.mean": {
            "value": 399999.0,
            "min": 1970.0,
            "max": 399999.0,
            "count": 200
        },
        "CubeAgentZoneRay.Step.sum": {
            "value": 399999.0,
            "min": 1970.0,
            "max": 399999.0,
            "count": 200
        },
        "CubeAgentZoneRay.Policy.ExtrinsicValueEstimate.mean": {
            "value": 0.21270425617694855,
            "min": 0.016851579770445824,
            "max": 0.30172860622406006,
            "count": 200
        },
        "CubeAgentZoneRay.Policy.ExtrinsicValueEstimate.sum": {
            "value": 14.676593780517578,
            "min": 0.7920242547988892,
            "max": 23.233102798461914,
            "count": 200
        },
        "CubeAgentZoneRay.Environment.CumulativeReward.mean": {
            "value": 0.8125,
            "min": 0.2682926829268293,
            "max": 1.1571428571428573,
            "count": 200
        },
        "CubeAgentZoneRay.Environment.CumulativeReward.sum": {
            "value": 52.0,
            "min": 9.0,
            "max": 89.0,
            "count": 200
        },
        "CubeAgentZoneRay.Policy.ExtrinsicReward.mean": {
            "value": 0.8125,
            "min": 0.2682926829268293,
            "max": 1.1571428571428573,
            "count": 200
        },
        "CubeAgentZoneRay.Policy.ExtrinsicReward.sum": {
            "value": 52.0,
            "min": 9.0,
            "max": 89.0,
            "count": 200
        },
        "CubeAgentZoneRay.Losses.PolicyLoss.mean": {
            "value": 0.25012237531182707,
            "min": 0.23193216375142925,
            "max": 0.27210221641931337,
            "count": 200
        },
        "CubeAgentZoneRay.Losses.PolicyLoss.sum": {
            "value": 1.0004895012473083,
            "min": 0.4691287231314193,
            "max": 1.2655913812754798,
            "count": 200
        },
        "CubeAgentZoneRay.Losses.ValueLoss.mean": {
            "value": 0.0641718400583782,
            "min": 0.012015854441519286,
            "max": 0.10899165781447082,
            "count": 200
        },
        "CubeAgentZoneRay.Losses.ValueLoss.sum": {
            "value": 0.2566873602335128,
            "min": 0.02403170888303857,
            "max": 0.5067446341023902,
            "count": 200
        },
        "CubeAgentZoneRay.Policy.LearningRate.mean": {
            "value": 6.717247761249952e-07,
            "min": 6.717247761249952e-07,
            "max": 0.0002993997502000833,
            "count": 200
        },
        "CubeAgentZoneRay.Policy.LearningRate.sum": {
            "value": 2.686899104499981e-06,
            "min": 2.686899104499981e-06,
            "max": 0.0009692288269237501,
            "count": 200
        },
        "CubeAgentZoneRay.Policy.Epsilon.mean": {
            "value": 0.100223875,
            "min": 0.100223875,
            "max": 0.19979991666666666,
            "count": 200
        },
        "CubeAgentZoneRay.Policy.Epsilon.sum": {
            "value": 0.4008955,
            "min": 0.2824845,
            "max": 0.7230762500000001,
            "count": 200
        },
        "CubeAgentZoneRay.Policy.Beta.mean": {
            "value": 0.005,
            "min": 0.004999999999999999,
            "max": 0.005000000000000001,
            "count": 200
        },
        "CubeAgentZoneRay.Policy.Beta.sum": {
            "value": 0.02,
            "min": 0.009999999999999998,
            "max": 0.024999999999999994,
            "count": 200
        },
        "CubeAgentZoneRay.IsTraining.mean": {
            "value": 1.0,
            "min": 1.0,
            "max": 1.0,
            "count": 200
        },
        "CubeAgentZoneRay.IsTraining.sum": {
            "value": 1.0,
            "min": 1.0,
            "max": 1.0,
            "count": 200
        }
    },
    "metadata": {
        "timer_format_version": "0.1.0",
        "start_time_seconds": "1652705567",
        "python_version": "3.9.7 (default, Sep 16 2021, 16:59:28) [MSC v.1916 64 bit (AMD64)]",
        "command_line_arguments": "C:\\Users\\Bavo_\\anaconda3\\Scripts\\mlagents-learn config/CubeAgent.yaml --run-id=CubeAgentZoneRay-View-30",
        "mlagents_version": "0.28.0",
        "mlagents_envs_version": "0.28.0",
        "communication_protocol_version": "1.5.0",
        "pytorch_version": "1.7.1+cu110",
        "numpy_version": "1.20.3",
        "end_time_seconds": "1652706963"
    },
    "total": 1396.528036,
    "count": 1,
    "self": 0.041175599999860424,
    "children": {
        "run_training.setup": {
            "total": 0.1812688,
            "count": 1,
            "self": 0.1812688
        },
        "TrainerController.start_learning": {
            "total": 1396.3055916,
            "count": 1,
            "self": 1.3042985000113276,
            "children": {
                "TrainerController._reset_env": {
                    "total": 23.4375034,
                    "count": 1,
                    "self": 23.4375034
                },
                "TrainerController.advance": {
                    "total": 1371.453147399989,
                    "count": 53387,
                    "self": 0.6501397999841174,
                    "children": {
                        "env_step": {
                            "total": 1370.8030076000048,
                            "count": 53387,
                            "self": 1119.8131719000141,
                            "children": {
                                "SubprocessEnvManager._take_step": {
                                    "total": 250.3490857,
                                    "count": 53387,
                                    "self": 2.61757659999941,
                                    "children": {
                                        "TorchPolicy.evaluate": {
                                            "total": 247.73150910000058,
                                            "count": 44506,
                                            "self": 111.54060480000072,
                                            "children": {
                                                "TorchPolicy.sample_actions": {
                                                    "total": 136.19090429999986,
                                                    "count": 44506,
                                                    "self": 136.19090429999986
                                                }
                                            }
                                        }
                                    }
                                },
                                "workers": {
                                    "total": 0.640749999990728,
                                    "count": 53387,
                                    "self": 0.0,
                                    "children": {
                                        "worker_root": {
                                            "total": 1372.559707700013,
                                            "count": 53387,
                                            "is_parallel": true,