{
    "name": "root",
    "gauges": {
        "CubeAgentZoneRay.Policy.Entropy.mean": {
            "value": 1.2818855047225952,
            "min": 1.2809479236602783,
            "max": 1.449689269065857,
            "count": 200
        },
        "CubeAgentZoneRay.Policy.Entropy.sum": {
            "value": 2549.670166015625,
            "min": 1997.760986328125,
            "max": 3758.06689453125,
            "count": 200
        },
        "CubeAgentZoneRay.Environment.EpisodeLength.mean": {
            "value": 19.75,
            "min": 15.544776119402986,
            "max": 91.13636363636364,
            "count": 200
        },
        "CubeAgentZoneRay.Environment.EpisodeLength.sum": {
            "value": 1896.0,
            "min": 1381.0,
            "max": 2421.0,
            "count": 200
        },
        "CubeAgentZoneRay.Step.mean": {
            "value": 399998.0,
            "min": 1981.0,
            "max": 399998.0,
            "count": 200
        },
        "CubeAgentZoneRay.Step.sum": {
            "value": 399998.0,
            "min": 1981.0,
            "max": 399998.0,
            "count": 200
        },
        "CubeAgentZoneRay.Policy.ExtrinsicValueEstimate.mean": {
            "value": 0.3405962586402893,
            "min": -0.00465953815728426,
            "max": 0.44993460178375244,
            "count": 200
        },
        "CubeAgentZoneRay.Policy.ExtrinsicValueEstimate.sum": {
            "value": 34.74081802368164,
            "min": -0.20501968264579773,
            "max": 56.241825103759766,
            "count": 200
        },
        "CubeAgentZoneRay.Environment.CumulativeReward.mean": {
            "value": 1.2424242424242424,
            "min": 0.5,
            "max": 1.4871794871794872,
            "count": 200
        },
        "CubeAgentZoneRay.Environment.CumulativeReward.sum": {
            "value": 123.0,
            "min": 15.0,
            "max": 159.0,
            "count": 200
        },
        "CubeAgentZoneRay.Policy.ExtrinsicReward.mean": {
            "value": 1.2424242424242424,
            "min": 0.5,
            "max": 1.4871794871794872,
            "count": 200
        },
        "CubeAgentZoneRay.Policy.ExtrinsicReward.sum": {
            "value": 123.0,
            "min": 15.0,
            "max": 159.0,
            "count": 200
        },
        "CubeAgentZoneRay.Losses.PolicyLoss.mean": {
            "value": 0.24270312311499334,
            "min": 0.22449553084539192,
            "max": 0.26698791056985954,
            "count": 200
        },
        "CubeAgentZoneRay.Losses.PolicyLoss.sum": {
            "value": 1.2135156155749667,
            "min": 0.475595853169453,
            "max": 1.7200951489313825,
            "count": 200
        },
        "CubeAgentZoneRay.Losses.ValueLoss.mean": {
            "value": 0.1108188292981183,
            "min": 0.026409567955033214,
            "max": 0.1296442119273028,
            "count": 200
        },
        "CubeAgentZoneRay.Losses.ValueLoss.sum": {
            "value": 0.5540941464905915,
            "min": 0.05281913591006643,
            "max": 0.7391043888136951,
            "count": 200
        },
        "CubeAgentZoneRay.Policy.LearningRate.mean": {
            "value": 8.273497242499974e-07,
            "min": 8.273497242499974e-07,
            "max": 0.00029944225018591666,
            "count": 200
        },
        "CubeAgentZoneRay.Policy.LearningRate.sum": {
            "value": 4.136748621249987e-06,
            "min": 4.136748621249987e-06,
            "max": 0.001035057054981,
            "count": 200
        },
        "CubeAgentZoneRay.Policy.Epsilon.mean": {
            "value": 0.10027575,
            "min": 0.10027575,
            "max": 0.19981408333333336,
            "count": 200
        },
        "CubeAgentZoneRay.Policy.Epsilon.sum": {
            "value": 0.50137875,
            "min": 0.36652525,
            "max": 0.8804457500000001,
            "count": 200
        },
        "CubeAgentZoneRay.Policy.Beta.mean": {
            "value": 0.004999999999999999,
            "min": 0.004999999999999998,
            "max": 0.005,
            "count": 200
        },
        "CubeAgentZoneRay.Policy.Beta.sum": {
            "value": 0.024999999999999998,
            "min": 0.009999999999999998,
            "max": 0.034999999999999996,
            "count": 200
        },
        "CubeAgentZoneRay.IsTraining.mean": {
            "value": 1.0,
            "min": 1.0,
            "max": 1.0,
            "count": 200
        },
        "CubeAgentZoneRay.IsTraining.sum": {
            "value": 1.0,
            "min": 1.0,
            "max": 1.0,
            "count": 200
        }
    },
    "metadata": {
        "timer_format_version": "0.1.0",
        "start_time_seconds": "1652703469",
        "python_version": "3.9.7 (default, Sep 16 2021, 16:59:28) [MSC v.1916 64 bit (AMD64)]",
        "command_line_arguments": "C:\\Users\\Bavo_\\anaconda3\\Scripts\\mlagents-learn config/CubeAgent.yaml --run-id=CubeAgentZoneRay-View-60",
        "mlagents_version": "0.28.0",
        "mlagents_envs_version": "0.28.0",
        "communication_protocol_version": "1.5.0",
        "pytorch_version": "1.7.1+cu110",
        "numpy_version": "1.20.3",
        "end_time_seconds": "1652704872"
    },
    "total": 1403.0545181,
    "count": 1,
    "self": 0.030370599999969272,
    "children": {
        "run_training.setup": {
            "total": 0.1863762,
            "count": 1,
            "self": 0.1863762
        },
        "TrainerController.start_learning": {
            "total": 1402.8377713,
            "count": 1,
            "self": 1.2936876999983724,
            "children": {
                "TrainerController._reset_env": {
                    "total": 10.9977983,
                    "count": 1,
                    "self": 10.9977983
                },
                "TrainerController.advance": {
                    "total": 1390.4583384000014,
                    "count": 55931,
                    "self": 0.67608900000414,
                    "children": {
                        "env_step": {
                            "total": 1389.7822493999972,
                            "count": 55931,
                            "self": 1140.139789299949,
                            "children": {
                                "SubprocessEnvManager._take_step": {
                                    "total": 248.96185490001216,
                                    "count": 55931,
                                    "self": 2.5973970000069073,
                                    "children": {
                                        "TorchPolicy.evaluate": {
                                            "total": 246.36445790000525,
                                            "count": 44475,
                                            "self": 111.88982790001842,
                                            "children": {
                                                "TorchPolicy.sample_actions": {
                                                    "total": 134.47462999998683,
                                                    "count": 44475,
                                                    "self": 134.47462999998683
                                                }
                                            }
                                        }
                                    }
                                },
                                "workers": {
                                    "total": 0.6806052000362328,
                                    "count": 55931,
                                    "self": 0.0,
                                    "children": {
                                        "worker_root": {
                                            "total": 1391.541505499998,
                                            "count": 55931,
                                            "is_parallel": true,