{
    "name": "root",
    "gauges": {
        "CubeAgentZoneRay.Policy.Entropy.mean": {
            "value": 1.3340513706207275,
            "min": 1.3339823484420776,
            "max": 1.5332095623016357,
            "count": 200
        },
        "CubeAgentZoneRay.Policy.Entropy.sum": {
            "value": 2773.49267578125,
            "min": 2263.23974609375,
            "max": 3846.09228515625,
            "count": 200
        },
        "CubeAgentZoneRay.Environment.EpisodeLength.mean": {
            "value": 16.175,
            "min": 14.214285714285714,
            "max": 116.55,
            "count": 200
        },
        "CubeAgentZoneRay.Environment.EpisodeLength.sum": {
            "value": 1941.0,
            "min": 1074.0,
            "max": 2807.0,
            "count": 200
        },
        "CubeAgentZoneRay.Step.mean": {
            "value": 399985.0,
            "min": 1985.0,
            "max": 399985.0,
            "count": 200
        },
        "CubeAgentZoneRay.Step.sum": {
            "value": 399985.0,
            "min": 1985.0,
            "max": 399985.0,
            "count": 200
        },
        "CubeAgentZoneRay.Policy.ExtrinsicValueEstimate.mean": {
            "value": 0.2800188362598419,
            "min": 0.011524523608386517,
            "max": 0.3390631377696991,
            "count": 200
        },
        "CubeAgentZoneRay.Policy.ExtrinsicValueEstimate.sum": {
            "value": 33.04222106933594,
            "min": 0.5446763038635254,
            "max": 38.99126434326172,
            "count": 200
        },
        "CubeAgentZoneRay.Environment.CumulativeReward.mean": {
            "value": 0.8376068376068376,
            "min": 0.3548387096774194,
            "max": 1.0625,
            "count": 200
        },
        "CubeAgentZoneRay.Environment.CumulativeReward.sum": {
            "value": 98.0,
            "min": 8.0,
            "max": 119.0,
            "count": 200
        },
        "CubeAgentZoneRay.Policy.ExtrinsicReward.mean": {
            "value": 0.8376068376068376,
            "min": 0.3548387096774194,
            "max": 1.0625,
            "count": 200
        },
        "CubeAgentZoneRay.Policy.ExtrinsicReward.sum": {
            "value": 98.0,
            "min": 8.0,
            "max": 119.0,
            "count": 200
        },
        "CubeAgentZoneRay.Losses.PolicyLoss.mean": {
            "value": 0.2457839862201018,
            "min": 0.22534312505246884,
            "max": 0.2731078247617328,
            "count": 200
        },
        "CubeAgentZoneRay.Losses.PolicyLoss.sum": {
            "value": 1.474703917320611,
            "min": 0.4506862501049377,
            "max": 1.812693324667686,
            "count": 200
        },
        "CubeAgentZoneRay.Losses.ValueLoss.mean": {
            "value": 0.1262062789659367,
            "min": 0.008718456051525101,
            "max": 0.13696521046428248,
            "count": 200
        },
        "CubeAgentZoneRay.Losses.ValueLoss.sum": {
            "value": 0.7572376737956202,
            "min": 0.017436912103050203,
            "max": 0.9004586704934388,
            "count": 200
        },
        "CubeAgentZoneRay.Policy.LearningRate.mean": {
            "value": 7.414747528749998e-07,
            "min": 7.414747528749998e-07,
            "max": 0.000299391000203,
            "count": 200
        },
        "CubeAgentZoneRay.Policy.LearningRate.sum": {
            "value": 4.448848517249999e-06,
            "min": 4.448848517249999e-06,
            "max": 0.0010667469944177501,
            "count": 200
        },
        "CubeAgentZoneRay.Policy.Epsilon.mean": {
            "value": 0.100247125,
            "min": 0.100247125,
            "max": 0.199797,
            "count": 200
        },
        "CubeAgentZoneRay.Policy.Epsilon.sum": {
            "value": 0.6014827500000001,
            "min": 0.36251150000000004,
            "max": 0.9555822500000001,
            "count": 200
        },
        "CubeAgentZoneRay.Policy.Beta.mean": {
            "value": 0.004999999999999998,
            "min": 0.004999999999999998,
            "max": 0.005000000000000001,
            "count": 200
        },
        "CubeAgentZoneRay.Policy.Beta.sum": {
            "value": 0.029999999999999992,
            "min": 0.009999999999999998,
            "max": 0.034999999999999996,
            "count": 200
        },
        "CubeAgentZoneRay.IsTraining.mean": {
            "value": 1.0,
            "min": 1.0,
            "max": 1.0,
            "count": 200
        },
        "CubeAgentZoneRay.IsTraining.sum": {
            "value": 1.0,
            "min": 1.0,
            "max": 1.0,
            "count": 200
        }
    },
    "metadata": {
        "timer_format_version": "0.1.0",
        "start_time_seconds": "1652707245",
        "python_version": "3.9.7 (default, Sep 16 2021, 16:59:28) [MSC v.1916 64 bit (AMD64)]",
        "command_line_arguments": "C:\\Users\\Bavo_\\anaconda3\\Scripts\\mlagents-learn config/CubeAgent.yaml --run-id=CubeAgentZoneRay-View-10 --force",
        "mlagents_version": "0.28.0",
        "mlagents_envs_version": "0.28.0",
        "communication_protocol_version": "1.5.0",
        "pytorch_version": "1.7.1+cu110",
        "numpy_version": "1.20.3",
        "end_time_seconds": "1652708707"
    },
    "total": 1462.2216884,
    "count": 1,
    "self": 0.032656399999950736,
    "children": {
        "run_training.setup": {
            "total": 0.18504270000000012,
            "count": 1,
            "self": 0.18504270000000012
        },
        "TrainerController.start_learning": {
            "total": 1462.0039893,
            "count": 1,
            "self": 1.3870742000158316,
            "children": {
                "TrainerController._reset_env": {
                    "total": 9.2116019,
                    "count": 1,
                    "self": 9.2116019
                },
                "TrainerController.advance": {
                    "total": 1451.271720599984,
                    "count": 57228,
                    "self": 0.7202668000024914,
                    "children": {
                        "env_step": {
                            "total": 1450.5514537999816,
                            "count": 57228,
                            "self": 1186.6969714999973,
                            "children": {
                                "SubprocessEnvManager._take_step": {
                                    "total": 263.1544094999906,
                                    "count": 57228,
                                    "self": 2.766449200008651,
                                    "children": {
                                        "TorchPolicy.evaluate": {
                                            "total": 260.38796029998196,
                                            "count": 44483,
                                            "self": 123.14483629999694,
                                            "children": {
                                                "TorchPolicy.sample_actions": {
                                                    "total": 137.24312399998502,
                                                    "count": 44483,
                                                    "self": 137.24312399998502
                                                }
                                            }
                                        }
                                    }
                                },
                                "workers": {
                                    "total": 0.7000727999935528,
                                    "count": 57228,
                                    "self": 0.0,
                                    "children": {
                                        "worker_root": {
                                            "total": 1452.3003961999837,
                                            "count": 57228,