{
    "name": "root",
    "gauges": {
        "CubeAgentZoneRay-5.Policy.Entropy.mean": {
            "value": 1.3697741031646729,
            "min": 1.3635390996932983,
            "max": 1.4236805438995361,
            "count": 50
        },
        "CubeAgentZoneRay-5.Policy.Entropy.sum": {
            "value": 2391.62548828125,
            "min": 1955.7891845703125,
            "max": 4272.306640625,
            "count": 50
        },
        "CubeAgentZoneRay-5.Environment.EpisodeLength.mean": {
            "value": 30.5,
            "min": 5.79054054054054,
            "max": 55.088235294117645,
            "count": 50
        },
        "CubeAgentZoneRay-5.Environment.EpisodeLength.sum": {
            "value": 1769.0,
            "min": 1550.0,
            "max": 2336.0,
            "count": 50
        },
        "CubeAgentZoneRay-5.Step.mean": {
            "value": 99967.0,
            "min": 1972.0,
            "max": 99967.0,
            "count": 50
        },
        "CubeAgentZoneRay-5.Step.sum": {
            "value": 99967.0,
            "min": 1972.0,
            "max": 99967.0,
            "count": 50
        },
        "CubeAgentZoneRay-5.Policy.ExtrinsicValueEstimate.mean": {
            "value": 0.08422112464904785,
            "min": -0.028191758319735527,
            "max": 0.17773978412151337,
            "count": 50
        },
        "CubeAgentZoneRay-5.Policy.ExtrinsicValueEstimate.sum": {
            "value": 5.558594226837158,
            "min": -1.878370761871338,
            "max": 29.487945556640625,
            "count": 50
        },
        "CubeAgentZoneRay-5.Policy.CuriosityValueEstimate.mean": {
            "value": -30504.18359375,
            "min": -33313.76953125,
            "max": 280.0163879394531,
            "count": 50
        },
        "CubeAgentZoneRay-5.Policy.CuriosityValueEstimate.sum": {
            "value": -2013276.125,
            "min": -5000554.0,
            "max": 78684.6015625,
            "count": 50
        },
        "CubeAgentZoneRay-5.Environment.CumulativeReward.mean": {
            "value": 0.5245901639344263,
            "min": 0.12811387900355872,
            "max": 0.6666666666666666,
            "count": 50
        },
        "CubeAgentZoneRay-5.Environment.CumulativeReward.sum": {
            "value": 32.0,
            "min": 12.0,
            "max": 70.0,
            "count": 50
        },
        "CubeAgentZoneRay-5.Policy.ExtrinsicReward.mean": {
            "value": 0.5245901639344263,
            "min": 0.12811387900355872,
            "max": 0.6666666666666666,
            "count": 50
        },
        "CubeAgentZoneRay-5.Policy.ExtrinsicReward.sum": {
            "value": 32.0,
            "min": 12.0,
            "max": 70.0,
            "count": 50
        },
        "CubeAgentZoneRay-5.Policy.CuriosityReward.mean": {
            "value": 0.20783616750516365,
            "min": 0.013921073835186717,
            "max": 2.5899999670096134,
            "count": 50
        },
        "CubeAgentZoneRay-5.Policy.CuriosityReward.sum": {
            "value": 12.678006217814982,
            "min": 3.64732134481892,
            "max": 98.41999874636531,
            "count": 50
        },
        "CubeAgentZoneRay-5.Losses.PolicyLoss.mean": {
            "value": 0.24726339873212136,
            "min": 0.23584685517280174,
            "max": 0.2708514230842582,
            "count": 50
        },
        "CubeAgentZoneRay-5.Losses.PolicyLoss.sum": {
            "value": 0.7417901961963641,
            "min": 0.5240685356934409,
            "max": 3.6530777058132786,
            "count": 50
        },
        "CubeAgentZoneRay-5.Losses.ValueLoss.mean": {
            "value": 38985054.688453965,
            "min": 0.16667186280562865,
            "max": 51670242.681090474,
            "count": 50
        },
        "CubeAgentZoneRay-5.Losses.ValueLoss.sum": {
            "value": 116955164.06536189,
            "min": 0.8333593140281432,
            "max": 413361941.4487238,
            "count": 50
        },
        "CubeAgentZoneRay-5.Policy.LearningRate.mean": {
            "value": 2.7730990756666703e-06,
            "min": 2.7730990756666703e-06,
            "max": 0.00029704000098666663,
            "count": 50
        },
        "CubeAgentZoneRay-5.Policy.LearningRate.sum": {
            "value": 8.31929722700001e-06,
            "min": 8.31929722700001e-06,
            "max": 0.002349048116984,
            "count": 50
        },
        "CubeAgentZoneRay-5.Policy.Epsilon.mean": {
            "value": 0.10092433333333335,
            "min": 0.10092433333333335,
            "max": 0.19901333333333335,
            "count": 50
        },
        "CubeAgentZoneRay-5.Policy.Epsilon.sum": {
            "value": 0.30277300000000007,
            "min": 0.30277300000000007,
            "max": 1.9647160000000004,
            "count": 50
        },
        "CubeAgentZoneRay-5.Policy.Beta.mean": {
            "value": 0.004999999999999999,
            "min": 0.004999999999999998,
            "max": 0.005000000000000003,
            "count": 50
        },
        "CubeAgentZoneRay-5.Policy.Beta.sum": {
            "value": 0.014999999999999998,
            "min": 0.009999999999999998,
            "max": 0.07500000000000004,
            "count": 50
        },
        "CubeAgentZoneRay-5.Losses.CuriosityForwardLoss.mean": {
            "value": 0.21176488551556769,
            "min": 0.07075935069929867,
            "max": 2.458837715256165,
            "count": 50
        },
        "CubeAgentZoneRay-5.Losses.CuriosityForwardLoss.sum": {
            "value": 0.635294656546703,
            "min": 0.4146819854926823,
            "max": 7.376513145768494,
            "count": 50
        },
        "CubeAgentZoneRay-5.Losses.CuriosityInverseLoss.mean": {
            "value": 1.1863378545646046,
            "min": 1.0513027755545903,
            "max": 1.7832548053712023,
            "count": 50
        },
        "CubeAgentZoneRay-5.Losses.CuriosityInverseLoss.sum": {
            "value": 3.5590135636938136,
            "min": 3.5586296046856103,
            "max": 19.938210931346333,
            "count": 50
        },
        "CubeAgentZoneRay-5.IsTraining.mean": {
            "value": 1.0,
            "min": 1.0,
            "max": 1.0,
            "count": 50
        },
        "CubeAgentZoneRay-5.IsTraining.sum": {
            "value": 1.0,
            "min": 1.0,
            "max": 1.0,
            "count": 50
        }
    },
    "metadata": {
        "timer_format_version": "0.1.0",
        "start_time_seconds": "1647945845",
        "python_version": "3.9.7 (default, Sep 16 2021, 16:59:28) [MSC v.1916 64 bit (AMD64)]",
        "command_line_arguments": "C:\\Users\\Bavo_\\anaconda3\\Scripts\\mlagents-learn config/CubeAgent.yaml --run-id=CubeAgentZoneRay-5",
        "mlagents_version": "0.28.0",
        "mlagents_envs_version": "0.28.0",
        "communication_protocol_version": "1.5.0",
        "pytorch_version": "1.7.1+cu110",
        "numpy_version": "1.20.3",
        "end_time_seconds": "1647946569"
    },
    "total": 724.8421278000001,
    "count": 1,
    "self": 0.04420710000010786,
    "children": {
        "run_training.setup": {
            "total": 0.18588760000000004,
            "count": 1,
            "self": 0.18588760000000004
        },
        "TrainerController.start_learning": {
            "total": 724.6120331,
            "count": 1,
            "self": 0.4147056000012981,
            "children": {
                "TrainerController._reset_env": {
                    "total": 7.5680931000000005,
                    "count": 1,
                    "self": 7.5680931000000005
                },
                "TrainerController.advance": {
                    "total": 716.5345528999987,
                    "count": 16374,
                    "self": 0.18944089999922653,